{
  "dataset_info": {
    "total_frames": 300,
    "duration_seconds": 10.0,
    "frame_rate": 30,
    "resolution": "640x480",
    "video_aspect_ratio": 1.3333333333333333
  },
  "court_measurements": {
    "single_line_width": 8.23,
    "double_line_width": 10.97,
    "half_court_height": 11.88,
    "service_line_width": 6.4,
    "double_alley_difference": 1.37,
    "no_mans_land_height": 5.48
  },
  "court_scale": {
    "pixels_per_meter_x": 40.838650865998176,
    "pixels_per_meter_y": 14.14141414141414,
    "court_width_pixels": 448.0,
    "court_height_pixels": 336.0,
    "court_width_meters": 10.97,
    "court_height_meters": 23.76
  },
  "tracking_stats": {
    "total_players": 2,
    "total_player_detections": 412,
    "main_players": [
      1,
      2
    ],
    "ball_detection_rate": 1.0,
    "total_ball_detections": 94
  },
  "player_1_stats": {
    "detection_count": 214,
    "detection_rate": 0.7133333333333334,
    "avg_speed_kmh": 0.12071841711910593,
    "max_speed_kmh": 1.1024050746220018,
    "total_distance_meters": 0.23808354487379219,
    "court_coverage": {
      "x_range_meters": 0.02062433208737957,
      "y_range_meters": 0.04042014803205163
    },
    "most_common_region": "far_half_net_area_right"
  },
  "player_2_stats": {
    "detection_count": 198,
    "detection_rate": 0.66,
    "avg_speed_kmh": 0.4830711000262433,
    "max_speed_kmh": 5.024179417051176,
    "total_distance_meters": 0.8811574694923143,
    "court_coverage": {
      "x_range_meters": 0.0574076727458408,
      "y_range_meters": 0.26126067025320765
    },
    "most_common_region": "near_half_baseline_area_center"
  },
  "ball_stats": {
    "detection_count": 94,
    "detection_rate": 0.31333333333333335,
    "avg_speed_kmh": 96.68281188606977,
    "max_speed_kmh": 573.2378631905466,
    "total_distance_meters": 83.2546435685601,
    "court_coverage": {
      "x_range_meters": 16.50543413094112,
      "y_range_meters": 41.15630342755998
    },
    "avg_height_meters": 1.5945830958713276
  }
}